Fecha,TMAX,TMIN,Prec,TMEDIA,GD_Tb2,Fuente,TipoDato,CalidadDato,Latitud_grilla,Longitud_grilla,Elevacion_grilla_m,Emision_UTC
2026-01-01,33.000,9.000,0.000,21.000,19.000,METEOBAHIA_XML_ARCHIVADO,Historico_pronostico,Pronostico_MeteoBahia_archivado_no_observado,,,,No_disponible_archivo
2026-01-02,31.000,9.000,0.000,20.000,18.000,METEOBAHIA_XML_ARCHIVADO,Historico_pronostico,Pronostico_MeteoBahia_archivado_no_observado,,,,No_disponible_archivo
2026-01-03,20.000,10.000,0.000,15.000,13.000,METEOBAHIA_XML_ARCHIVADO,Historico_pronostico,Pronostico_MeteoBahia_archivado_no_observado,,,,No_disponible_archivo
2026-01-04,26.000,7.000,0.000,16.500,14.500,METEOBAHIA_XML_ARCHIVADO,Historico_pronostico,Pronostico_MeteoBahia_archivado_no_observado,,,,No_disponible_archivo
2026-01-05,33.000,12.000,0.000,22.500,20.500,METEOBAHIA_XML_ARCHIVADO,Historico_pronostico,Pronostico_MeteoBahia_archivado_no_observado,,,,No_disponible_archivo
2026-01-06,27.000,15.000,0.000,21.000,19.000,METEOBAHIA_XML_ARCHIVADO,Historico_pronostico,Pronostico_MeteoBahia_archivado_no_observado,,,,No_disponible_archivo
2026-01-07,34.000,13.000,1.800,23.500,21.500,METEOBAHIA_XML_ARCHIVADO,Historico_pronostico,Pronostico_MeteoBahia_archivado_no_observado,,,,No_disponible_archivo
2026-01-08,30.000,12.000,0.000,21.000,19.000,METEOBAHIA_XML_ARCHIVADO,Historico_pronostico,Pronostico_MeteoBahia_archivado_no_observado,,,,No_disponible_archivo
2026-01-09,30.000,12.000,0.000,21.000,19.000,METEOBAHIA_XML_ARCHIVADO,Historico_pronostico,Pronostico_MeteoBahia_archivado_no_observado,,,,No_disponible_archivo
2026-01-10,38.000,17.000,0.300,27.500,25.500,METEOBAHIA_XML_ARCHIVADO,Historico_pronostico,Pronostico_MeteoBahia_archivado_no_observado,,,,No_disponible_archivo
2026-01-11,32.000,19.000,0.300,25.500,23.500,METEOBAHIA_XML_ARCHIVADO,Historico_pronostico,Pronostico_MeteoBahia_archivado_no_observado,,,,No_disponible_archivo
2026-01-12,33.000,21.000,17.500,27.000,25.000,METEOBAHIA_XML_ARCHIVADO,Historico_pronostico,Pronostico_MeteoBahia_archivado_no_observado,,,,No_disponible_archivo
2026-01-13,40.000,17.000,0.000,28.500,26.500,METEOBAHIA_XML_ARCHIVADO,Historico_pronostico,Pronostico_MeteoBahia_archivado_no_observado,,,,No_disponible_archivo
2026-01-14,32.000,16.000,0.000,24.000,22.000,METEOBAHIA_XML_ARCHIVADO,Historico_pronostico,Pronostico_MeteoBahia_archivado_no_observado,,,,No_disponible_archivo
2026-01-15,31.000,10.000,0.000,20.500,18.500,METEOBAHIA_XML_ARCHIVADO,Historico_pronostico,Pronostico_MeteoBahia_archivado_no_observado,,,,No_disponible_archivo
2026-01-16,39.000,17.000,0.000,28.000,26.000,METEOBAHIA_XML_ARCHIVADO,Historico_pronostico,Pronostico_MeteoBahia_archivado_no_observado,,,,No_disponible_archivo
2026-01-17,33.000,19.000,10.000,26.000,24.000,METEOBAHIA_XML_ARCHIVADO,Historico_pronostico,Pronostico_MeteoBahia_archivado_no_observado,,,,No_disponible_archivo
2026-01-18,34.000,17.000,0.000,25.500,23.500,METEOBAHIA_XML_ARCHIVADO,Historico_pronostico,Pronostico_MeteoBahia_archivado_no_observado,,,,No_disponible_archivo
2026-01-19,36.000,7.000,0.000,21.500,19.500,METEOBAHIA_XML_ARCHIVADO,Historico_pronostico,Pronostico_MeteoBahia_archivado_no_observado,,,,No_disponible_archivo
2026-01-20,33.000,15.000,0.000,24.000,22.000,METEOBAHIA_XML_ARCHIVADO,Historico_pronostico,Pronostico_MeteoBahia_archivado_no_observado,,,,No_disponible_archivo
2026-01-21,29.000,11.000,0.000,20.000,18.000,METEOBAHIA_XML_ARCHIVADO,Historico_pronostico,Pronostico_MeteoBahia_archivado_no_observado,,,,No_disponible_archivo
2026-01-22,35.000,12.000,0.000,23.500,21.500,METEOBAHIA_XML_ARCHIVADO,Historico_pronostico,Pronostico_MeteoBahia_archivado_no_observado,,,,No_disponible_archivo
2026-01-23,27.000,14.000,0.000,20.500,18.500,METEOBAHIA_XML_ARCHIVADO,Historico_pronostico,Pronostico_MeteoBahia_archivado_no_observado,,,,No_disponible_archivo
2026-01-24,29.000,15.000,0.000,22.000,20.000,METEOBAHIA_XML_ARCHIVADO,Historico_pronostico,Pronostico_MeteoBahia_archivado_no_observado,,,,No_disponible_archivo
2026-01-25,35.000,14.000,0.000,24.500,22.500,METEOBAHIA_XML_ARCHIVADO,Historico_pronostico,Pronostico_MeteoBahia_archivado_no_observado,,,,No_disponible_archivo
2026-01-26,34.000,14.000,0.300,24.000,22.000,METEOBAHIA_XML_ARCHIVADO,Historico_pronostico,Pronostico_MeteoBahia_archivado_no_observado,,,,No_disponible_archivo
2026-01-27,39.000,11.000,0.000,25.000,23.000,METEOBAHIA_XML_ARCHIVADO,Historico_pronostico,Pronostico_MeteoBahia_archivado_no_observado,,,,No_disponible_archivo
2026-01-28,37.000,12.000,0.000,24.500,22.500,METEOBAHIA_XML_ARCHIVADO,Historico_pronostico,Pronostico_MeteoBahia_archivado_no_observado,,,,No_disponible_archivo
2026-01-29,33.000,24.000,20.000,28.500,26.500,METEOBAHIA_XML_ARCHIVADO,Historico_pronostico,Pronostico_MeteoBahia_archivado_no_observado,,,,No_disponible_archivo
2026-01-30,34.000,21.000,0.100,27.500,25.500,METEOBAHIA_XML_ARCHIVADO,Historico_pronostico,Pronostico_MeteoBahia_archivado_no_observado,,,,No_disponible_archivo
2026-01-31,37.000,16.000,0.000,26.500,24.500,METEOBAHIA_XML_ARCHIVADO,Historico_pronostico,Pronostico_MeteoBahia_archivado_no_observado,,,,No_disponible_archivo
2026-02-01,31.000,23.000,0.000,27.000,25.000,METEOBAHIA_XML_ARCHIVADO,Historico_pronostico,Pronostico_MeteoBahia_archivado_no_observado,,,,No_disponible_archivo
2026-02-02,38.000,22.000,0.000,30.000,28.000,METEOBAHIA_XML_ARCHIVADO,Historico_pronostico,Pronostico_MeteoBahia_archivado_no_observado,,,,No_disponible_archivo
2026-02-03,30.000,19.000,1.000,24.500,22.500,METEOBAHIA_XML_ARCHIVADO,Historico_pronostico,Pronostico_MeteoBahia_archivado_no_observado,,,,No_disponible_archivo
2026-02-04,28.000,17.000,2.200,22.500,20.500,METEOBAHIA_XML_ARCHIVADO,Historico_pronostico,Pronostico_MeteoBahia_archivado_no_observado,,,,No_disponible_archivo
2026-02-05,23.000,17.000,2.100,20.000,18.000,METEOBAHIA_XML_ARCHIVADO,Historico_pronostico,Pronostico_MeteoBahia_archivado_no_observado,,,,No_disponible_archivo
2026-02-06,29.000,10.000,0.000,19.500,17.500,METEOBAHIA_XML_ARCHIVADO,Historico_pronostico,Pronostico_MeteoBahia_archivado_no_observado,,,,No_disponible_archivo
2026-02-07,29.000,12.000,0.000,20.500,18.500,METEOBAHIA_XML_ARCHIVADO,Historico_pronostico,Pronostico_MeteoBahia_archivado_no_observado,,,,No_disponible_archivo
2026-02-08,33.000,17.000,0.200,25.000,23.000,METEOBAHIA_XML_ARCHIVADO,Historico_pronostico,Pronostico_MeteoBahia_archivado_no_observado,,,,No_disponible_archivo
2026-02-09,29.000,18.000,1.300,23.500,21.500,METEOBAHIA_XML_ARCHIVADO,Historico_pronostico,Pronostico_MeteoBahia_archivado_no_observado,,,,No_disponible_archivo
2026-02-10,30.000,17.000,5.100,23.500,21.500,METEOBAHIA_XML_ARCHIVADO,Historico_pronostico,Pronostico_MeteoBahia_archivado_no_observado,,,,No_disponible_archivo
2026-02-11,25.000,13.000,0.200,19.000,17.000,METEOBAHIA_XML_ARCHIVADO,Historico_pronostico,Pronostico_MeteoBahia_archivado_no_observado,,,,No_disponible_archivo
2026-02-12,25.000,15.000,0.000,20.000,18.000,METEOBAHIA_XML_ARCHIVADO,Historico_pronostico,Pronostico_MeteoBahia_archivado_no_observado,,,,No_disponible_archivo
2026-02-13,24.000,10.000,0.000,17.000,15.000,METEOBAHIA_XML_ARCHIVADO,Historico_pronostico,Pronostico_MeteoBahia_archivado_no_observado,,,,No_disponible_archivo
2026-02-14,27.000,15.000,1.000,21.000,19.000,METEOBAHIA_XML_ARCHIVADO,Historico_pronostico,Pronostico_MeteoBahia_archivado_no_observado,,,,No_disponible_archivo
2026-02-15,29.000,18.000,0.100,23.500,21.500,METEOBAHIA_XML_ARCHIVADO,Historico_pronostico,Pronostico_MeteoBahia_archivado_no_observado,,,,No_disponible_archivo
2026-02-16,34.000,17.000,0.000,25.500,23.500,METEOBAHIA_XML_ARCHIVADO,Historico_pronostico,Pronostico_MeteoBahia_archivado_no_observado,,,,No_disponible_archivo
2026-02-17,34.000,20.000,0.700,27.000,25.000,METEOBAHIA_XML_ARCHIVADO,Historico_pronostico,Pronostico_MeteoBahia_archivado_no_observado,,,,No_disponible_archivo
2026-02-18,34.000,18.000,3.000,26.000,24.000,METEOBAHIA_XML_ARCHIVADO,Historico_pronostico,Pronostico_MeteoBahia_archivado_no_observado,,,,No_disponible_archivo
2026-02-19,28.000,12.000,0.000,20.000,18.000,METEOBAHIA_XML_ARCHIVADO,Historico_pronostico,Pronostico_MeteoBahia_archivado_no_observado,,,,No_disponible_archivo
2026-02-20,35.000,13.000,0.000,24.000,22.000,METEOBAHIA_XML_ARCHIVADO,Historico_pronostico,Pronostico_MeteoBahia_archivado_no_observado,,,,No_disponible_archivo
2026-02-21,36.000,16.000,0.000,26.000,24.000,METEOBAHIA_XML_ARCHIVADO,Historico_pronostico,Pronostico_MeteoBahia_archivado_no_observado,,,,No_disponible_archivo
2026-02-22,33.000,17.000,0.000,25.000,23.000,METEOBAHIA_XML_ARCHIVADO,Historico_pronostico,Pronostico_MeteoBahia_archivado_no_observado,,,,No_disponible_archivo
2026-02-23,33.000,18.000,0.000,25.500,23.500,METEOBAHIA_XML_ARCHIVADO,Historico_pronostico,Pronostico_MeteoBahia_archivado_no_observado,,,,No_disponible_archivo
2026-02-24,25.000,13.000,0.000,19.000,17.000,METEOBAHIA_XML_ARCHIVADO,Historico_pronostico,Pronostico_MeteoBahia_archivado_no_observado,,,,No_disponible_archivo
2026-02-25,24.000,9.000,0.000,16.500,14.500,METEOBAHIA_XML_ARCHIVADO,Historico_pronostico,Pronostico_MeteoBahia_archivado_no_observado,,,,No_disponible_archivo
2026-02-26,31.000,8.000,0.000,19.500,17.500,METEOBAHIA_XML_ARCHIVADO,Historico_pronostico,Pronostico_MeteoBahia_archivado_no_observado,,,,No_disponible_archivo
2026-02-27,32.000,11.000,0.000,21.500,19.500,METEOBAHIA_XML_ARCHIVADO,Historico_pronostico,Pronostico_MeteoBahia_archivado_no_observado,,,,No_disponible_archivo
2026-02-28,32.000,17.000,5.400,24.500,22.500,METEOBAHIA_XML_ARCHIVADO,Historico_pronostico,Pronostico_MeteoBahia_archivado_no_observado,,,,No_disponible_archivo
2026-03-01,37.000,18.000,0.000,27.500,25.500,METEOBAHIA_XML_ARCHIVADO,Historico_pronostico,Pronostico_MeteoBahia_archivado_no_observado,,,,No_disponible_archivo
2026-03-02,27.000,18.000,34.100,22.500,20.500,METEOBAHIA_XML_ARCHIVADO,Historico_pronostico,Pronostico_MeteoBahia_archivado_no_observado,,,,No_disponible_archivo
2026-03-03,29.000,10.000,0.000,19.500,17.500,METEOBAHIA_XML_ARCHIVADO,Historico_pronostico,Pronostico_MeteoBahia_archivado_no_observado,,,,No_disponible_archivo
2026-03-04,24.000,12.000,0.000,18.000,16.000,METEOBAHIA_XML_ARCHIVADO,Historico_pronostico,Pronostico_MeteoBahia_archivado_no_observado,,,,No_disponible_archivo
2026-03-05,25.000,8.000,0.000,16.500,14.500,METEOBAHIA_XML_ARCHIVADO,Historico_pronostico,Pronostico_MeteoBahia_archivado_no_observado,,,,No_disponible_archivo
2026-03-06,27.000,12.000,0.000,19.500,17.500,METEOBAHIA_XML_ARCHIVADO,Historico_pronostico,Pronostico_MeteoBahia_archivado_no_observado,,,,No_disponible_archivo
2026-03-07,28.000,13.000,0.000,20.500,18.500,METEOBAHIA_XML_ARCHIVADO,Historico_pronostico,Pronostico_MeteoBahia_archivado_no_observado,,,,No_disponible_archivo
2026-03-08,30.000,13.000,0.000,21.500,19.500,METEOBAHIA_XML_ARCHIVADO,Historico_pronostico,Pronostico_MeteoBahia_archivado_no_observado,,,,No_disponible_archivo
2026-03-09,21.000,13.000,5.400,17.000,15.000,METEOBAHIA_XML_ARCHIVADO,Historico_pronostico,Pronostico_MeteoBahia_archivado_no_observado,,,,No_disponible_archivo
2026-03-10,30.000,14.000,0.000,22.000,20.000,METEOBAHIA_XML_ARCHIVADO,Historico_pronostico,Pronostico_MeteoBahia_archivado_no_observado,,,,No_disponible_archivo
2026-03-11,31.000,14.000,0.000,22.500,20.500,METEOBAHIA_XML_ARCHIVADO,Historico_pronostico,Pronostico_MeteoBahia_archivado_no_observado,,,,No_disponible_archivo
2026-03-12,32.000,14.000,0.000,23.000,21.000,METEOBAHIA_XML_ARCHIVADO,Historico_pronostico,Pronostico_MeteoBahia_archivado_no_observado,,,,No_disponible_archivo
2026-03-13,31.000,16.000,0.500,23.500,21.500,METEOBAHIA_XML_ARCHIVADO,Historico_pronostico,Pronostico_MeteoBahia_archivado_no_observado,,,,No_disponible_archivo
2026-03-14,25.000,15.000,7.200,20.000,18.000,METEOBAHIA_XML_ARCHIVADO,Historico_pronostico,Pronostico_MeteoBahia_archivado_no_observado,,,,No_disponible_archivo
2026-03-15,24.000,16.000,16.600,20.000,18.000,METEOBAHIA_XML_ARCHIVADO,Historico_pronostico,Pronostico_MeteoBahia_archivado_no_observado,,,,No_disponible_archivo
2026-03-16,28.000,14.000,15.800,21.000,19.000,METEOBAHIA_XML_ARCHIVADO,Historico_pronostico,Pronostico_MeteoBahia_archivado_no_observado,,,,No_disponible_archivo
2026-03-17,22.000,12.000,31.100,17.000,15.000,METEOBAHIA_XML_ARCHIVADO,Historico_pronostico,Pronostico_MeteoBahia_archivado_no_observado,,,,No_disponible_archivo
2026-03-18,26.000,9.000,0.000,17.500,15.500,METEOBAHIA_XML_ARCHIVADO,Historico_pronostico,Pronostico_MeteoBahia_archivado_no_observado,,,,No_disponible_archivo
2026-03-19,28.000,16.000,0.600,22.000,20.000,METEOBAHIA_XML_ARCHIVADO,Historico_pronostico,Pronostico_MeteoBahia_archivado_no_observado,,,,No_disponible_archivo
2026-03-20,23.000,16.000,7.200,19.500,17.500,METEOBAHIA_XML_ARCHIVADO,Historico_pronostico,Pronostico_MeteoBahia_archivado_no_observado,,,,No_disponible_archivo
2026-03-21,21.000,12.000,19.800,16.500,14.500,METEOBAHIA_XML_ARCHIVADO,Historico_pronostico,Pronostico_MeteoBahia_archivado_no_observado,,,,No_disponible_archivo
2026-03-22,25.000,9.000,0.500,17.000,15.000,METEOBAHIA_XML_ARCHIVADO,Historico_pronostico,Pronostico_MeteoBahia_archivado_no_observado,,,,No_disponible_archivo
2026-03-23,19.000,10.000,1.900,14.500,12.500,METEOBAHIA_XML_ARCHIVADO,Historico_pronostico,Pronostico_MeteoBahia_archivado_no_observado,,,,No_disponible_archivo
2026-03-24,26.000,10.000,3.300,18.000,16.000,METEOBAHIA_XML_ARCHIVADO,Historico_pronostico,Pronostico_MeteoBahia_archivado_no_observado,,,,No_disponible_archivo
2026-03-25,23.000,10.000,7.600,16.500,14.500,METEOBAHIA_XML_ARCHIVADO,Historico_pronostico,Pronostico_MeteoBahia_archivado_no_observado,,,,No_disponible_archivo
2026-03-26,27.000,7.000,0.000,17.000,15.000,METEOBAHIA_XML_ARCHIVADO,Historico_pronostico,Pronostico_MeteoBahia_archivado_no_observado,,,,No_disponible_archivo
2026-03-27,30.000,14.000,0.000,22.000,20.000,METEOBAHIA_XML_ARCHIVADO,Historico_pronostico,Pronostico_MeteoBahia_archivado_no_observado,,,,No_disponible_archivo
2026-03-28,31.000,14.000,0.000,22.500,20.500,METEOBAHIA_XML_ARCHIVADO,Historico_pronostico,Pronostico_MeteoBahia_archivado_no_observado,,,,No_disponible_archivo
2026-03-29,32.000,19.000,0.000,25.500,23.500,METEOBAHIA_XML_ARCHIVADO,Historico_pronostico,Pronostico_MeteoBahia_archivado_no_observado,,,,No_disponible_archivo
2026-03-30,32.000,19.000,0.000,25.500,23.500,METEOBAHIA_XML_ARCHIVADO,Historico_pronostico,Pronostico_MeteoBahia_archivado_no_observado,,,,No_disponible_archivo
2026-03-31,29.000,21.000,17.800,25.000,23.000,METEOBAHIA_XML_ARCHIVADO,Historico_pronostico,Pronostico_MeteoBahia_archivado_no_observado,,,,No_disponible_archivo
2026-04-01,27.000,17.000,0.000,22.000,20.000,METEOBAHIA_XML_ARCHIVADO,Historico_pronostico,Pronostico_MeteoBahia_archivado_no_observado,,,,No_disponible_archivo
2026-04-02,27.000,13.000,0.000,20.000,18.000,METEOBAHIA_XML_ARCHIVADO,Historico_pronostico,Pronostico_MeteoBahia_archivado_no_observado,,,,No_disponible_archivo
2026-04-03,22.000,10.000,0.000,16.000,14.000,METEOBAHIA_XML_ARCHIVADO,Historico_pronostico,Pronostico_MeteoBahia_archivado_no_observado,,,,No_disponible_archivo
2026-04-04,19.000,7.000,0.000,13.000,11.000,METEOBAHIA_XML_ARCHIVADO,Historico_pronostico,Pronostico_MeteoBahia_archivado_no_observado,,,,No_disponible_archivo
2026-04-05,20.000,4.000,0.000,12.000,10.000,METEOBAHIA_XML_ARCHIVADO,Historico_pronostico,Pronostico_MeteoBahia_archivado_no_observado,,,,No_disponible_archivo
2026-04-06,20.000,9.000,0.700,14.500,12.500,METEOBAHIA_XML_ARCHIVADO,Historico_pronostico,Pronostico_MeteoBahia_archivado_no_observado,,,,No_disponible_archivo
2026-04-07,20.000,7.000,0.000,13.500,11.500,METEOBAHIA_XML_ARCHIVADO,Historico_pronostico,Pronostico_MeteoBahia_archivado_no_observado,,,,No_disponible_archivo
2026-04-08,22.000,9.000,0.000,15.500,13.500,METEOBAHIA_XML_ARCHIVADO,Historico_pronostico,Pronostico_MeteoBahia_archivado_no_observado,,,,No_disponible_archivo
2026-04-09,23.000,7.000,0.000,15.000,13.000,METEOBAHIA_XML_ARCHIVADO,Historico_pronostico,Pronostico_MeteoBahia_archivado_no_observado,,,,No_disponible_archivo
2026-04-10,26.000,9.000,0.000,17.500,15.500,METEOBAHIA_XML_ARCHIVADO,Historico_pronostico,Pronostico_MeteoBahia_archivado_no_observado,,,,No_disponible_archivo
2026-04-11,26.000,11.000,0.000,18.500,16.500,METEOBAHIA_XML_ARCHIVADO,Historico_pronostico,Pronostico_MeteoBahia_archivado_no_observado,,,,No_disponible_archivo
2026-04-12,26.000,12.000,0.000,19.000,17.000,METEOBAHIA_XML_ARCHIVADO,Historico_pronostico,Pronostico_MeteoBahia_archivado_no_observado,,,,No_disponible_archivo
2026-04-13,26.000,11.000,0.000,18.500,16.500,METEOBAHIA_XML_ARCHIVADO,Historico_pronostico,Pronostico_MeteoBahia_archivado_no_observado,,,,No_disponible_archivo
2026-04-14,29.000,14.000,1.200,21.500,19.500,METEOBAHIA_XML_ARCHIVADO,Historico_pronostico,Pronostico_MeteoBahia_archivado_no_observado,,,,No_disponible_archivo
2026-04-15,26.000,11.000,0.000,18.500,16.500,METEOBAHIA_XML_ARCHIVADO,Historico_pronostico,Pronostico_MeteoBahia_archivado_no_observado,,,,No_disponible_archivo
2026-04-16,28.000,11.000,0.000,19.500,17.500,METEOBAHIA_XML_ARCHIVADO,Historico_pronostico,Pronostico_MeteoBahia_archivado_no_observado,,,,No_disponible_archivo
2026-04-17,27.000,13.000,0.000,20.000,18.000,METEOBAHIA_XML_ARCHIVADO,Historico_pronostico,Pronostico_MeteoBahia_archivado_no_observado,,,,No_disponible_archivo
2026-04-18,26.000,10.000,0.400,18.000,16.000,METEOBAHIA_XML_ARCHIVADO,Historico_pronostico,Pronostico_MeteoBahia_archivado_no_observado,,,,No_disponible_archivo
2026-04-19,18.000,7.000,1.100,12.500,10.500,METEOBAHIA_XML_ARCHIVADO,Historico_pronostico,Pronostico_MeteoBahia_archivado_no_observado,,,,No_disponible_archivo
2026-04-20,18.000,9.000,1.700,13.500,11.500,METEOBAHIA_XML_ARCHIVADO,Historico_pronostico,Pronostico_MeteoBahia_archivado_no_observado,,,,No_disponible_archivo
2026-04-21,16.000,7.000,0.400,11.500,9.500,METEOBAHIA_XML_ARCHIVADO,Historico_pronostico,Pronostico_MeteoBahia_archivado_no_observado,,,,No_disponible_archivo
2026-04-22,21.000,6.000,0.000,13.500,11.500,METEOBAHIA_XML_ARCHIVADO,Historico_pronostico,Pronostico_MeteoBahia_archivado_no_observado,,,,No_disponible_archivo
2026-04-23,23.000,6.000,0.000,14.500,12.500,METEOBAHIA_XML_ARCHIVADO,Historico_pronostico,Pronostico_MeteoBahia_archivado_no_observado,,,,No_disponible_archivo
2026-04-24,22.000,10.000,0.000,16.000,14.000,METEOBAHIA_XML_ARCHIVADO,Historico_pronostico,Pronostico_MeteoBahia_archivado_no_observado,,,,No_disponible_archivo
2026-04-25,21.000,7.000,0.000,14.000,12.000,METEOBAHIA_XML_ARCHIVADO,Historico_pronostico,Pronostico_MeteoBahia_archivado_no_observado,,,,No_disponible_archivo
2026-04-26,14.000,6.000,2.300,10.000,8.000,METEOBAHIA_XML_ARCHIVADO,Historico_pronostico,Pronostico_MeteoBahia_archivado_no_observado,,,,No_disponible_archivo
2026-04-27,15.000,3.000,0.000,9.000,7.000,METEOBAHIA_XML_ARCHIVADO,Historico_pronostico,Pronostico_MeteoBahia_archivado_no_observado,,,,No_disponible_archivo
2026-04-28,20.000,4.000,0.100,12.000,10.000,METEOBAHIA_XML_ARCHIVADO,Historico_pronostico,Pronostico_MeteoBahia_archivado_no_observado,,,,No_disponible_archivo
2026-04-29,19.000,8.000,1.500,13.500,11.500,METEOBAHIA_XML_ARCHIVADO,Historico_pronostico,Pronostico_MeteoBahia_archivado_no_observado,,,,No_disponible_archivo
2026-04-30,25.000,8.000,0.000,16.500,14.500,METEOBAHIA_XML_ARCHIVADO,Historico_pronostico,Pronostico_MeteoBahia_archivado_no_observado,,,,No_disponible_archivo
2026-05-01,20.000,9.000,0.000,14.500,12.500,METEOBAHIA_XML_ARCHIVADO,Historico_pronostico,Pronostico_MeteoBahia_archivado_no_observado,,,,No_disponible_archivo
2026-05-02,15.000,4.000,0.000,9.500,7.500,METEOBAHIA_XML_ARCHIVADO,Historico_pronostico,Pronostico_MeteoBahia_archivado_no_observado,,,,No_disponible_archivo
2026-05-03,20.000,1.000,0.000,10.500,8.500,METEOBAHIA_XML_ARCHIVADO,Historico_pronostico,Pronostico_MeteoBahia_archivado_no_observado,,,,No_disponible_archivo
2026-05-04,21.000,8.000,0.000,14.500,12.500,METEOBAHIA_XML_ARCHIVADO,Historico_pronostico,Pronostico_MeteoBahia_archivado_no_observado,,,,No_disponible_archivo
2026-05-05,21.000,11.000,0.000,16.000,14.000,METEOBAHIA_XML_ARCHIVADO,Historico_pronostico,Pronostico_MeteoBahia_archivado_no_observado,,,,No_disponible_archivo
2026-05-06,19.000,10.000,25.500,14.500,12.500,METEOBAHIA_XML_ARCHIVADO,Historico_pronostico,Pronostico_MeteoBahia_archivado_no_observado,,,,No_disponible_archivo
2026-05-07,14.000,8.000,8.900,11.000,9.000,METEOBAHIA_XML_ARCHIVADO,Historico_pronostico,Pronostico_MeteoBahia_archivado_no_observado,,,,No_disponible_archivo
2026-05-08,11.000,6.000,11.400,8.500,6.500,METEOBAHIA_XML_ARCHIVADO,Historico_pronostico,Pronostico_MeteoBahia_archivado_no_observado,,,,No_disponible_archivo
2026-05-09,13.000,5.000,9.400,9.000,7.000,METEOBAHIA_XML_ARCHIVADO,Historico_pronostico,Pronostico_MeteoBahia_archivado_no_observado,,,,No_disponible_archivo
2026-05-10,15.000,2.000,0.000,8.500,6.500,METEOBAHIA_XML_ARCHIVADO,Historico_pronostico,Pronostico_MeteoBahia_archivado_no_observado,,,,No_disponible_archivo
2026-05-11,19.000,2.000,0.000,10.500,8.500,METEOBAHIA_XML_ARCHIVADO,Historico_pronostico,Pronostico_MeteoBahia_archivado_no_observado,,,,No_disponible_archivo
2026-05-12,17.000,5.000,0.000,11.000,9.000,METEOBAHIA_XML_ARCHIVADO,Historico_pronostico,Pronostico_MeteoBahia_archivado_no_observado,,,,No_disponible_archivo
2026-05-13,17.000,1.000,0.000,9.000,7.000,METEOBAHIA_XML_ARCHIVADO,Historico_pronostico,Pronostico_MeteoBahia_archivado_no_observado,,,,No_disponible_archivo
2026-05-14,15.000,2.000,0.000,8.500,6.500,METEOBAHIA_XML_ARCHIVADO,Historico_pronostico,Pronostico_MeteoBahia_archivado_no_observado,,,,No_disponible_archivo
2026-05-15,19.000,3.000,0.000,11.000,9.000,METEOBAHIA_XML_ARCHIVADO,Historico_pronostico,Pronostico_MeteoBahia_archivado_no_observado,,,,No_disponible_archivo
2026-05-16,13.000,4.000,1.000,8.500,6.500,METEOBAHIA_XML_ARCHIVADO,Historico_pronostico,Pronostico_MeteoBahia_archivado_no_observado,,,,No_disponible_archivo
2026-05-17,15.000,1.000,0.000,8.000,6.000,METEOBAHIA_XML_ARCHIVADO,Historico_pronostico,Pronostico_MeteoBahia_archivado_no_observado,,,,No_disponible_archivo
2026-05-18,18.000,3.000,0.000,10.500,8.500,METEOBAHIA_XML_ARCHIVADO,Historico_pronostico,Pronostico_MeteoBahia_archivado_no_observado,,,,No_disponible_archivo
2026-05-19,17.000,4.000,0.000,10.500,8.500,METEOBAHIA_XML_ARCHIVADO,Historico_pronostico,Pronostico_MeteoBahia_archivado_no_observado,,,,No_disponible_archivo
2026-05-20,14.000,5.000,0.600,9.500,7.500,METEOBAHIA_XML_ARCHIVADO,Historico_pronostico,Pronostico_MeteoBahia_archivado_no_observado,,,,No_disponible_archivo
2026-05-21,14.000,5.000,0.000,9.500,7.500,METEOBAHIA_XML_ARCHIVADO,Historico_pronostico,Pronostico_MeteoBahia_archivado_no_observado,,,,No_disponible_archivo
2026-05-22,16.000,2.000,0.000,9.000,7.000,METEOBAHIA_XML_ARCHIVADO,Historico_pronostico,Pronostico_MeteoBahia_archivado_no_observado,,,,No_disponible_archivo
2026-05-23,16.000,2.000,0.000,9.000,7.000,METEOBAHIA_XML_ARCHIVADO,Historico_pronostico,Pronostico_MeteoBahia_archivado_no_observado,,,,No_disponible_archivo
2026-05-24,16.000,4.000,0.000,10.000,8.000,METEOBAHIA_XML_ARCHIVADO,Historico_pronostico,Pronostico_MeteoBahia_archivado_no_observado,,,,No_disponible_archivo
2026-05-25,17.000,4.000,0.000,10.500,8.500,METEOBAHIA_XML_ARCHIVADO,Historico_pronostico,Pronostico_MeteoBahia_archivado_no_observado,,,,No_disponible_archivo
2026-05-26,20.000,2.000,0.000,11.000,9.000,METEOBAHIA_XML_ARCHIVADO,Historico_pronostico,Pronostico_MeteoBahia_archivado_no_observado,,,,No_disponible_archivo
2026-05-27,18.000,6.000,0.000,12.000,10.000,METEOBAHIA_XML_ARCHIVADO,Historico_pronostico,Pronostico_MeteoBahia_archivado_no_observado,,,,No_disponible_archivo
2026-05-28,17.000,5.000,0.000,11.000,9.000,METEOBAHIA_XML_ARCHIVADO,Historico_pronostico,Pronostico_MeteoBahia_archivado_no_observado,,,,No_disponible_archivo
2026-05-29,17.000,6.000,0.400,11.500,9.500,METEOBAHIA_XML_ARCHIVADO,Historico_pronostico,Pronostico_MeteoBahia_archivado_no_observado,,,,No_disponible_archivo
2026-05-30,20.000,7.000,0.000,13.500,11.500,METEOBAHIA_XML_ARCHIVADO,Historico_pronostico,Pronostico_MeteoBahia_archivado_no_observado,,,,No_disponible_archivo
2026-05-31,18.000,6.000,0.000,12.000,10.000,METEOBAHIA_XML_ARCHIVADO,Historico_pronostico,Pronostico_MeteoBahia_archivado_no_observado,,,,No_disponible_archivo
2026-06-01,14.000,7.000,0.200,10.500,8.500,METEOBAHIA_XML_ARCHIVADO,Historico_pronostico,Pronostico_MeteoBahia_archivado_no_observado,,,,No_disponible_archivo
2026-06-02,17.000,8.000,0.100,12.500,10.500,METEOBAHIA_XML_ARCHIVADO,Historico_pronostico,Pronostico_MeteoBahia_archivado_no_observado,,,,No_disponible_archivo
2026-06-03,18.000,8.000,0.000,13.000,11.000,METEOBAHIA_XML_ARCHIVADO,Historico_pronostico,Pronostico_MeteoBahia_archivado_no_observado,,,,No_disponible_archivo
2026-06-04,18.000,11.000,1.000,14.500,12.500,METEOBAHIA_XML_ARCHIVADO,Historico_pronostico,Pronostico_MeteoBahia_archivado_no_observado,,,,No_disponible_archivo
2026-06-05,19.000,11.000,0.000,15.000,13.000,METEOBAHIA_XML_ARCHIVADO,Historico_pronostico,Pronostico_MeteoBahia_archivado_no_observado,,,,No_disponible_archivo
2026-06-06,18.000,10.000,1.000,14.000,12.000,METEOBAHIA_XML_ARCHIVADO,Historico_pronostico,Pronostico_MeteoBahia_archivado_no_observado,,,,No_disponible_archivo
2026-06-07,18.000,9.000,0.000,13.500,11.500,METEOBAHIA_XML_ARCHIVADO,Historico_pronostico,Pronostico_MeteoBahia_archivado_no_observado,,,,No_disponible_archivo
2026-06-08,15.000,8.000,0.600,11.500,9.500,METEOBAHIA_XML_ARCHIVADO,Historico_pronostico,Pronostico_MeteoBahia_archivado_no_observado,,,,No_disponible_archivo
2026-06-09,17.000,3.000,0.000,10.000,8.000,METEOBAHIA_XML_ARCHIVADO,Historico_pronostico,Pronostico_MeteoBahia_archivado_no_observado,,,,No_disponible_archivo
2026-06-10,17.000,7.000,0.000,12.000,10.000,METEOBAHIA_XML_ARCHIVADO,Historico_pronostico,Pronostico_MeteoBahia_archivado_no_observado,,,,No_disponible_archivo
2026-06-11,17.000,4.000,0.000,10.500,8.500,METEOBAHIA_XML_ARCHIVADO,Historico_pronostico,Pronostico_MeteoBahia_archivado_no_observado,,,,No_disponible_archivo
2026-06-12,18.000,9.000,0.000,13.500,11.500,METEOBAHIA_XML_ARCHIVADO,Historico_pronostico,Pronostico_MeteoBahia_archivado_no_observado,,,,No_disponible_archivo
2026-06-13,11.000,1.000,0.600,6.000,4.000,METEOBAHIA_XML_ARCHIVADO,Historico_pronostico,Pronostico_MeteoBahia_archivado_no_observado,,,,No_disponible_archivo
2026-06-14,13.000,-2.000,0.000,5.500,3.500,METEOBAHIA_XML_ARCHIVADO,Historico_pronostico,Pronostico_MeteoBahia_archivado_no_observado,,,,No_disponible_archivo
2026-06-15,16.000,2.000,0.000,9.000,7.000,METEOBAHIA_XML_ARCHIVADO,Historico_pronostico,Pronostico_MeteoBahia_archivado_no_observado,,,,No_disponible_archivo
2026-06-16,17.000,5.000,0.000,11.000,9.000,METEOBAHIA_XML_ARCHIVADO,Historico_pronostico,Pronostico_MeteoBahia_archivado_no_observado,,,,No_disponible_archivo
2026-06-17,16.000,2.000,0.000,9.000,7.000,METEOBAHIA_XML_ARCHIVADO,Historico_pronostico,Pronostico_MeteoBahia_archivado_no_observado,,,,No_disponible_archivo
2026-06-18,16.000,5.000,0.700,10.500,8.500,METEOBAHIA_XML_ARCHIVADO,Historico_pronostico,Pronostico_MeteoBahia_archivado_no_observado,,,,No_disponible_archivo
2026-06-19,14.000,2.000,0.000,8.000,6.000,METEOBAHIA_XML_ARCHIVADO,Historico_pronostico,Pronostico_MeteoBahia_archivado_no_observado,,,,No_disponible_archivo
2026-06-20,17.000,5.000,1.200,11.000,9.000,METEOBAHIA_XML_ARCHIVADO,Historico_pronostico,Pronostico_MeteoBahia_archivado_no_observado,,,,No_disponible_archivo
2026-06-21,14.000,3.000,0.100,8.500,6.500,METEOBAHIA_XML_ARCHIVADO,Historico_pronostico,Pronostico_MeteoBahia_archivado_no_observado,,,,No_disponible_archivo
2026-06-22,11.000,2.000,3.100,6.500,4.500,METEOBAHIA_XML_ARCHIVADO,Historico_pronostico,Pronostico_MeteoBahia_archivado_no_observado,,,,No_disponible_archivo
2026-06-23,10.000,0.000,4.100,5.000,3.000,METEOBAHIA_XML_ARCHIVADO,Historico_pronostico,Pronostico_MeteoBahia_archivado_no_observado,,,,No_disponible_archivo
2026-06-24,8.000,-1.000,2.100,3.500,1.500,METEOBAHIA_XML_ARCHIVADO,Historico_pronostico,Pronostico_MeteoBahia_archivado_no_observado,,,,No_disponible_archivo
2026-06-25,11.000,1.000,0.400,6.000,4.000,METEOBAHIA_XML_ARCHIVADO,Historico_pronostico,Pronostico_MeteoBahia_archivado_no_observado,,,,No_disponible_archivo
2026-06-26,14.000,1.000,0.000,7.500,5.500,METEOBAHIA_XML_ARCHIVADO,Historico_pronostico,Pronostico_MeteoBahia_archivado_no_observado,,,,No_disponible_archivo
2026-06-27,15.000,1.000,0.000,8.000,6.000,METEOBAHIA_XML_ARCHIVADO,Historico_pronostico,Pronostico_MeteoBahia_archivado_no_observado,,,,No_disponible_archivo
2026-06-28,13.000,0.000,0.000,6.500,4.500,METEOBAHIA_XML_ARCHIVADO,Historico_pronostico,Pronostico_MeteoBahia_archivado_no_observado,,,,No_disponible_archivo
2026-06-29,12.000,0.000,0.000,6.000,4.000,METEOBAHIA_XML_ARCHIVADO,Historico_pronostico,Pronostico_MeteoBahia_archivado_no_observado,,,,No_disponible_archivo
2026-06-30,15.000,-1.000,0.000,7.000,5.000,METEOBAHIA_XML_ARCHIVADO,Historico_pronostico,Pronostico_MeteoBahia_archivado_no_observado,,,,No_disponible_archivo
2026-07-01,10.000,1.000,0.600,5.500,3.500,METEOBAHIA_XML_ARCHIVADO,Historico_pronostico,Pronostico_MeteoBahia_archivado_no_observado,,,,No_disponible_archivo
2026-07-02,7.000,-3.000,0.000,2.000,0.000,METEOBAHIA_XML_ARCHIVADO,Historico_pronostico,Pronostico_MeteoBahia_archivado_no_observado,,,,No_disponible_archivo
2026-07-03,11.000,-3.000,0.000,4.000,2.000,METEOBAHIA_XML_ARCHIVADO,Historico_pronostico,Pronostico_MeteoBahia_archivado_no_observado,,,,No_disponible_archivo
2026-07-04,10.000,-3.000,0.000,3.500,1.500,METEOBAHIA_XML_ARCHIVADO,Historico_pronostico,Pronostico_MeteoBahia_archivado_no_observado,,,,No_disponible_archivo
2026-07-05,11.000,0.000,0.000,5.500,3.500,METEOBAHIA_XML_ARCHIVADO,Historico_pronostico,Pronostico_MeteoBahia_archivado_no_observado,,,,No_disponible_archivo
2026-07-06,11.000,-2.000,0.000,4.500,2.500,METEOBAHIA_XML_ARCHIVADO,Historico_pronostico,Pronostico_MeteoBahia_archivado_no_observado,,,,No_disponible_archivo
2026-07-07,17.000,1.000,0.000,9.000,7.000,METEOBAHIA_XML_ARCHIVADO,Historico_pronostico,Pronostico_MeteoBahia_archivado_no_observado,,,,No_disponible_archivo
2026-07-08,17.000,7.000,0.000,12.000,10.000,METEOBAHIA_XML_ARCHIVADO,Historico_pronostico,Pronostico_MeteoBahia_archivado_no_observado,,,,No_disponible_archivo
2026-07-09,13.000,3.000,0.100,8.000,6.000,METEOBAHIA_XML_ARCHIVADO,Historico_pronostico,Pronostico_MeteoBahia_archivado_no_observado,,,,No_disponible_archivo
2026-07-10,11.000,5.000,2.200,8.000,6.000,METEOBAHIA_XML_ARCHIVADO,Historico_pronostico,Pronostico_MeteoBahia_archivado_no_observado,,,,No_disponible_archivo
2026-07-11,13.000,2.000,3.400,7.500,5.500,METEOBAHIA_XML_ARCHIVADO,Historico_pronostico,Pronostico_MeteoBahia_archivado_no_observado,,,,No_disponible_archivo
2026-07-12,14.000,-1.000,0.000,6.500,4.500,METEOBAHIA_XML_ARCHIVADO,Historico_pronostico,Pronostico_MeteoBahia_archivado_no_observado,,,,No_disponible_archivo
2026-07-13,15.000,3.000,0.000,9.000,7.000,METEOBAHIA_XML_ARCHIVADO,Historico_pronostico,Pronostico_MeteoBahia_archivado_no_observado,,,,No_disponible_archivo
2026-07-14,16.000,5.000,0.000,10.500,8.500,METEOBAHIA_XML_ARCHIVADO,Historico_pronostico,Pronostico_MeteoBahia_archivado_no_observado,,,,No_disponible_archivo
2026-07-15,19.000,5.000,0.000,12.000,10.000,METEOBAHIA_XML_ARCHIVADO,Historico_pronostico,Pronostico_MeteoBahia_archivado_no_observado,,,,No_disponible_archivo
2026-07-16,20.000,6.000,0.300,13.000,11.000,METEOBAHIA_XML_ARCHIVADO,Historico_pronostico,Pronostico_MeteoBahia_archivado_no_observado,,,,No_disponible_archivo
2026-07-17,19.000,8.000,0.300,13.500,11.500,METEOBAHIA_XML_ARCHIVADO,Historico_pronostico,Pronostico_MeteoBahia_archivado_no_observado,,,,No_disponible_archivo
2026-07-18,16.000,4.000,1.600,10.000,8.000,METEOBAHIA_XML_ARCHIVADO,Historico_pronostico,Pronostico_MeteoBahia_archivado_no_observado,,,,No_disponible_archivo
2026-07-19,16.000,4.000,0.000,10.000,8.000,METEOBAHIA_XML_ARCHIVADO,Historico_pronostico,Pronostico_MeteoBahia_archivado_no_observado,,,,No_disponible_archivo
2026-07-20,13.000,5.000,0.300,9.000,7.000,METEOBAHIA_XML_ARCHIVADO,Historico_pronostico,Pronostico_MeteoBahia_archivado_no_observado,,,,No_disponible_archivo
2026-07-21,13.000,5.000,1.800,9.000,7.000,METEOBAHIA_XML_ARCHIVADO,Historico_pronostico,Pronostico_MeteoBahia_archivado_no_observado,,,,No_disponible_archivo
2026-07-22,13.000,1.000,0.000,7.000,5.000,METEOBAHIA_XML_ARCHIVADO,Historico_pronostico,Pronostico_MeteoBahia_archivado_no_observado,,,,No_disponible_archivo
2026-07-23,16.000,1.000,2.000,8.500,6.500,METEOBAHIA_XML_ARCHIVADO,Historico_pronostico,Pronostico_MeteoBahia_archivado_no_observado,,,,No_disponible_archivo
2026-07-24,18.000,6.000,1.000,12.000,10.000,METEOBAHIA_XML_ARCHIVADO,Historico_pronostico,Pronostico_MeteoBahia_archivado_no_observado,,,,No_disponible_archivo
2026-07-25,19.000,6.000,0.400,12.500,10.500,METEOBAHIA_XML_ARCHIVADO,Historico_pronostico,Pronostico_MeteoBahia_archivado_no_observado,,,,No_disponible_archivo
2026-07-26,13.000,2.000,0.000,7.500,5.500,METEOBAHIA_XML_ARCHIVADO,Historico_pronostico,Pronostico_MeteoBahia_archivado_no_observado,,,,No_disponible_archivo
2026-07-27,21.000,6.000,1.100,13.500,11.500,METEOBAHIA_XML_ARCHIVADO,Historico_pronostico,Pronostico_MeteoBahia_archivado_no_observado,,,,No_disponible_archivo
2026-07-28,15.000,3.000,0.000,9.000,7.000,METEOBAHIA_XML_ARCHIVADO,Historico_pronostico,Pronostico_MeteoBahia_archivado_no_observado,,,,No_disponible_archivo
2026-07-29,14.000,3.000,3.500,8.500,6.500,METEOBAHIA_XML_ARCHIVADO,Historico_pronostico,Pronostico_MeteoBahia_archivado_no_observado,,,,No_disponible_archivo
2026-07-30,17.000,5.000,3.800,11.000,9.000,METEOBAHIA_XML_ARCHIVADO,Historico_pronostico,Pronostico_MeteoBahia_archivado_no_observado,,,,No_disponible_archivo
2026-07-31,21.000,11.000,3.600,16.000,14.000,METEOBAHIA_XML_ARCHIVADO,Historico_pronostico,Pronostico_MeteoBahia_archivado_no_observado,,,,No_disponible_archivo
2026-08-01,17.000,6.000,0.000,11.500,9.500,METEOBAHIA_XML_ARCHIVADO,Historico_pronostico,Pronostico_MeteoBahia_archivado_no_observado,,,,No_disponible_archivo
2026-08-02,18.000,6.000,2.400,12.000,10.000,METEOBAHIA_XML_ARCHIVADO,Historico_pronostico,Pronostico_MeteoBahia_archivado_no_observado,,,,No_disponible_archivo
2026-08-03,15.000,8.000,1.100,11.500,9.500,METEOBAHIA_XML_ARCHIVADO,Historico_pronostico,Pronostico_MeteoBahia_archivado_no_observado,,,,No_disponible_archivo
2026-08-04,18.000,5.000,1.400,11.500,9.500,METEOBAHIA_XML_ARCHIVADO,Historico_pronostico,Pronostico_MeteoBahia_archivado_no_observado,,,,No_disponible_archivo
2026-08-05,14.000,6.000,3.100,10.000,8.000,METEOBAHIA_XML_ARCHIVADO,Historico_pronostico,Pronostico_MeteoBahia_archivado_no_observado,,,,No_disponible_archivo
2026-08-06,14.000,4.000,8.800,9.000,7.000,METEOBAHIA_XML_ARCHIVADO,Historico_pronostico,Pronostico_MeteoBahia_archivado_no_observado,,,,No_disponible_archivo
2026-08-07,15.000,0.000,0.400,7.500,5.500,METEOBAHIA_XML_ARCHIVADO,Historico_pronostico,Pronostico_MeteoBahia_archivado_no_observado,,,,No_disponible_archivo
2026-08-08,11.000,0.000,0.100,5.500,3.500,METEOBAHIA_XML_ARCHIVADO,Historico_pronostico,Pronostico_MeteoBahia_archivado_no_observado,,,,No_disponible_archivo
2026-08-09,11.000,-1.000,0.900,5.000,3.000,METEOBAHIA_XML_ARCHIVADO,Historico_pronostico,Pronostico_MeteoBahia_archivado_no_observado,,,,No_disponible_archivo
2026-08-10,11.000,-2.000,0.000,4.500,2.500,METEOBAHIA_XML_ARCHIVADO,Historico_pronostico,Pronostico_MeteoBahia_archivado_no_observado,,,,No_disponible_archivo
2026-08-11,15.000,0.000,0.000,7.500,5.500,METEOBAHIA_XML_ARCHIVADO,Historico_pronostico,Pronostico_MeteoBahia_archivado_no_observado,,,,No_disponible_archivo
2026-08-12,14.000,0.000,0.000,7.000,5.000,METEOBAHIA_XML_ARCHIVADO,Historico_pronostico,Pronostico_MeteoBahia_archivado_no_observado,,,,No_disponible_archivo
2026-08-13,13.000,-1.000,0.000,6.000,4.000,METEOBAHIA_XML_ARCHIVADO,Historico_pronostico,Pronostico_MeteoBahia_archivado_no_observado,,,,No_disponible_archivo
2026-08-14,16.000,2.000,0.000,9.000,7.000,METEOBAHIA_XML_ARCHIVADO,Historico_pronostico,Pronostico_MeteoBahia_archivado_no_observado,,,,No_disponible_archivo
2026-08-15,16.000,7.000,5.800,11.500,9.500,METEOBAHIA_XML_ARCHIVADO,Historico_pronostico,Pronostico_MeteoBahia_archivado_no_observado,,,,No_disponible_archivo
2026-08-16,18.000,7.000,0.700,12.500,10.500,METEOBAHIA_XML_ARCHIVADO,Historico_pronostico,Pronostico_MeteoBahia_archivado_no_observado,,,,No_disponible_archivo
2026-08-17,12.000,3.000,0.000,7.500,5.500,METEOBAHIA_XML_ARCHIVADO,Historico_pronostico,Pronostico_MeteoBahia_archivado_no_observado,,,,No_disponible_archivo
2026-08-18,18.000,0.000,0.000,9.000,7.000,METEOBAHIA_XML_ARCHIVADO,Historico_pronostico,Pronostico_MeteoBahia_archivado_no_observado,,,,No_disponible_archivo
2026-08-19,21.000,6.000,0.000,13.500,11.500,METEOBAHIA_XML_ARCHIVADO,Historico_pronostico,Pronostico_MeteoBahia_archivado_no_observado,,,,No_disponible_archivo
2026-08-20,16.000,6.000,0.000,11.000,9.000,METEOBAHIA_XML_ARCHIVADO,Historico_pronostico,Pronostico_MeteoBahia_archivado_no_observado,,,,No_disponible_archivo
2026-08-21,12.000,0.000,0.000,6.000,4.000,METEOBAHIA_XML_ARCHIVADO,Historico_pronostico,Pronostico_MeteoBahia_archivado_no_observado,,,,No_disponible_archivo
2026-08-22,15.000,0.000,0.000,7.500,5.500,METEOBAHIA_XML_ARCHIVADO,Historico_pronostico,Pronostico_MeteoBahia_archivado_no_observado,,,,No_disponible_archivo
2026-08-23,11.000,1.000,0.000,6.000,4.000,METEOBAHIA_XML_ARCHIVADO,Historico_pronostico,Pronostico_MeteoBahia_archivado_no_observado,,,,No_disponible_archivo
2026-08-24,16.000,-1.000,0.000,7.500,5.500,METEOBAHIA_XML_ARCHIVADO,Historico_pronostico,Pronostico_MeteoBahia_archivado_no_observado,,,,No_disponible_archivo
2026-08-25,20.000,6.000,0.300,13.000,11.000,METEOBAHIA_XML_ARCHIVADO,Historico_pronostico,Pronostico_MeteoBahia_archivado_no_observado,,,,No_disponible_archivo
2026-08-26,17.000,8.000,4.800,12.500,10.500,METEOBAHIA_XML_ARCHIVADO,Historico_pronostico,Pronostico_MeteoBahia_archivado_no_observado,,,,No_disponible_archivo
2026-08-27,20.000,6.000,0.000,13.000,11.000,METEOBAHIA_XML_ARCHIVADO,Historico_pronostico,Pronostico_MeteoBahia_archivado_no_observado,,,,No_disponible_archivo
2026-08-28,21.000,4.000,0.000,12.500,10.500,METEOBAHIA_XML_ARCHIVADO,Historico_pronostico,Pronostico_MeteoBahia_archivado_no_observado,,,,No_disponible_archivo
2026-08-29,21.000,7.000,2.500,14.000,12.000,METEOBAHIA_XML_ARCHIVADO,Historico_pronostico,Pronostico_MeteoBahia_archivado_no_observado,,,,No_disponible_archivo
2026-08-30,21.000,7.000,0.000,14.000,12.000,METEOBAHIA_XML_ARCHIVADO,Historico_pronostico,Pronostico_MeteoBahia_archivado_no_observado,,,,No_disponible_archivo
2026-08-31,19.000,5.000,2.100,12.000,10.000,METEOBAHIA_XML_ARCHIVADO,Historico_pronostico,Pronostico_MeteoBahia_archivado_no_observado,,,,No_disponible_archivo
2026-09-01,18.000,4.000,0.900,11.000,9.000,METEOBAHIA_XML_ARCHIVADO,Historico_pronostico,Pronostico_MeteoBahia_archivado_no_observado,,,,No_disponible_archivo
2026-09-02,18.000,4.000,4.500,11.000,9.000,METEOBAHIA_XML_ARCHIVADO,Historico_pronostico,Pronostico_MeteoBahia_archivado_no_observado,,,,No_disponible_archivo
2026-09-03,15.000,4.000,0.000,9.500,7.500,METEOBAHIA_XML_ARCHIVADO,Historico_pronostico,Pronostico_MeteoBahia_archivado_no_observado,,,,No_disponible_archivo
2026-09-04,16.000,3.000,0.400,9.500,7.500,METEOBAHIA_XML_ARCHIVADO,Historico_pronostico,Pronostico_MeteoBahia_archivado_no_observado,,,,No_disponible_archivo
2026-09-05,11.000,1.000,5.000,6.000,4.000,METEOBAHIA_XML_ARCHIVADO,Historico_pronostico,Pronostico_MeteoBahia_archivado_no_observado,,,,No_disponible_archivo
2026-09-06,11.000,1.000,0.000,6.000,4.000,METEOBAHIA_XML_ARCHIVADO,Historico_pronostico,Pronostico_MeteoBahia_archivado_no_observado,,,,No_disponible_archivo
2026-09-07,15.000,-1.000,0.000,7.000,5.000,METEOBAHIA_XML_ARCHIVADO,Historico_pronostico,Pronostico_MeteoBahia_archivado_no_observado,,,,No_disponible_archivo
2026-09-08,22.000,4.000,0.000,13.000,11.000,METEOBAHIA_XML_ARCHIVADO,Historico_pronostico,Pronostico_MeteoBahia_archivado_no_observado,,,,No_disponible_archivo
2026-09-09,22.000,7.000,0.000,14.500,12.500,METEOBAHIA_XML_ARCHIVADO,Historico_pronostico,Pronostico_MeteoBahia_archivado_no_observado,,,,No_disponible_archivo
2026-09-10,22.000,3.000,0.000,12.500,10.500,METEOBAHIA_XML_ARCHIVADO,Historico_pronostico,Pronostico_MeteoBahia_archivado_no_observado,,,,No_disponible_archivo
2026-09-11,12.000,4.000,2.900,8.000,6.000,METEOBAHIA_XML_ARCHIVADO,Historico_pronostico,Pronostico_MeteoBahia_archivado_no_observado,,,,No_disponible_archivo
2026-09-12,10.000,0.000,0.300,5.000,3.000,METEOBAHIA_XML_ARCHIVADO,Historico_pronostico,Pronostico_MeteoBahia_archivado_no_observado,,,,No_disponible_archivo
2026-09-13,14.000,-3.000,0.000,5.500,3.500,METEOBAHIA_XML_ARCHIVADO,Historico_pronostico,Pronostico_MeteoBahia_archivado_no_observado,,,,No_disponible_archivo
2026-09-14,18.000,1.000,0.000,9.500,7.500,METEOBAHIA_XML_ARCHIVADO,Historico_pronostico,Pronostico_MeteoBahia_archivado_no_observado,,,,No_disponible_archivo
2026-09-15,12.000,4.000,0.000,8.000,6.000,METEOBAHIA_XML_ARCHIVADO,Historico_pronostico,Pronostico_MeteoBahia_archivado_no_observado,,,,No_disponible_archivo
2026-09-16,18.000,0.000,0.000,9.000,7.000,METEOBAHIA_XML_ARCHIVADO,Historico_pronostico,Pronostico_MeteoBahia_archivado_no_observado,,,,No_disponible_archivo
2026-09-17,24.000,8.000,0.000,16.000,14.000,METEOBAHIA_XML_ARCHIVADO,Historico_pronostico,Pronostico_MeteoBahia_archivado_no_observado,,,,No_disponible_archivo
2026-09-18,26.000,9.000,0.000,17.500,15.500,METEOBAHIA_XML_ARCHIVADO,Historico_pronostico,Pronostico_MeteoBahia_archivado_no_observado,,,,No_disponible_archivo
2026-09-19,28.000,11.000,0.000,19.500,17.500,METEOBAHIA_XML_ARCHIVADO,Historico_pronostico,Pronostico_MeteoBahia_archivado_no_observado,,,,No_disponible_archivo
2026-09-20,23.000,13.000,10.200,18.000,16.000,METEOBAHIA_XML_ARCHIVADO,Historico_pronostico,Pronostico_MeteoBahia_archivado_no_observado,,,,No_disponible_archivo
2026-09-21,13.000,4.000,5.800,8.500,6.500,METEOBAHIA_XML_ARCHIVADO,Historico_pronostico,Pronostico_MeteoBahia_archivado_no_observado,,,,No_disponible_archivo
2026-09-22,14.000,1.000,0.000,7.500,5.500,METEOBAHIA_XML_ARCHIVADO,Historico_pronostico,Pronostico_MeteoBahia_archivado_no_observado,,,,No_disponible_archivo
2026-09-23,22.000,7.000,0.200,14.500,12.500,METEOBAHIA_XML_ARCHIVADO,Historico_pronostico,Pronostico_MeteoBahia_archivado_no_observado,,,,No_disponible_archivo
2026-09-24,24.000,12.000,1.300,18.000,16.000,METEOBAHIA_XML_ARCHIVADO,Historico_pronostico,Pronostico_MeteoBahia_archivado_no_observado,,,,No_disponible_archivo
2026-09-25,22.000,9.000,2.000,15.500,13.500,METEOBAHIA_XML_CORONEL_FALCON,Pronostico,Pronostico_deterministico_Coronel_Falcon,,,,2026-09-25T15:44:22+00:00
2026-09-26,24.000,6.000,0.100,15.000,13.000,METEOBAHIA_XML_CORONEL_FALCON,Pronostico,Pronostico_deterministico_Coronel_Falcon,,,,2026-09-25T15:44:22+00:00
2026-09-27,22.000,10.000,0.000,16.000,14.000,METEOBAHIA_XML_CORONEL_FALCON,Pronostico,Pronostico_deterministico_Coronel_Falcon,,,,2026-09-25T15:44:22+00:00
2026-09-28,23.000,9.000,2.300,16.000,14.000,METEOBAHIA_XML_CORONEL_FALCON,Pronostico,Pronostico_deterministico_Coronel_Falcon,,,,2026-09-25T15:44:22+00:00
2026-09-29,17.000,7.000,1.700,12.000,10.000,METEOBAHIA_XML_CORONEL_FALCON,Pronostico,Pronostico_deterministico_Coronel_Falcon,,,,2026-09-25T15:44:22+00:00
2026-09-30,16.000,5.000,0.000,10.500,8.500,METEOBAHIA_XML_CORONEL_FALCON,Pronostico,Pronostico_deterministico_Coronel_Falcon,,,,2026-09-25T15:44:22+00:00
2026-10-01,19.000,4.000,0.000,11.500,9.500,METEOBAHIA_XML_CORONEL_FALCON,Pronostico,Pronostico_deterministico_Coronel_Falcon,,,,2026-09-25T15:44:22+00:00
